2,/static/Product_Images/2.jpeg,327769
3,/static/Product_Images/3.jpg,275945
4,/static/Product_Images/4.jpg,234327
5,/static/Product_Images/5.jpg,189905
6,/static/Product_Images/6.jpeg,182289
7,/static/Product_Images/7.jpg,181202
8,/static/Product_Images/8.jpg,175486
9,/static/Product_Images/9.jpg,175285
10,/static/Product_Images/10.jpg,163709
11,/static/Product_Images/11.jpg,153509
12,/static/Product_Images/12.jpg,148950
13,/static/Product_Images/13.jpg,132148
14,/static/Product_Images/14.jpg,122772
15,/static/Product_Images/15.jpeg,100171
16,/static/Product_Images/16.jpg,88048
17,/static/Product_Images/17.jpg,83329
18,/static/Product_Images/18.jpg,73821
19,/static/Product_Images/19.jpeg,73341
20,/static/Product_Images/20.jpeg,72182
21,/static/Product_Images/21.jpg,70942
22,/static/Product_Images/22.jpg,69359
23,/static/Product_Images/23.jpg,68701
24,/static/Product_Images/24.jpg,68661
25,/static/Product_Images/25.jpg,65654
26,/static/Product_Images/26.png,65122
27,/static/Product_Images/27.jpg,63635
28,/static/Product_Images/28.jpg,62370
29,/static/Product_Images/29.jpg,62045
30,/static/Product_Images/30.jpg,60075
31,/static/Product_Images/31.jpg,59640
32,/static/Product_Images/32.jpg,59497
33,/static/Product_Images/33.jpg,53709
34,/static/Product_Images/34.jpg,52480
35,/static/Product_Images/35.jpg,51970
36,/static/Product_Images/36.jpg,51057
37,/static/Product_Images/37.jpg,50822
38,/static/Product_Images/38.jpg,49265
39,/static/Product_Images/39.jpg,47129
40,/static/Product_Images/40.jpg,46042
41,/static/Product_Images/41.jpg,44036
42,/static/Product_Images/42.jpg,43213
43,/static/Product_Images/43.jpg,41299
44,/static/Product_Images/44.jpg,39642
45,/static/Product_Images/45.jpeg,37828
46,/static/Product_Images/46.jpg,37318
47,/static/Product_Images/47.jpg,36470
48,/static/Product_Images/48.jpg,33329
49,/static/Product_Images/49.jpg,31973
50,/static/Product_Images/50.jpg,31915
51,/static/Product_Images/51.jpeg,31810
