30083 ,FURNITURE,3148
794101209 ,ODSTAT ,1754
01752 ,.,1732
48187 ,IKEA Package,1620
33178 ,IKEA Package,1329
77433 ,UC DISHWASHER,1276
75071 ,UC DISHWASHER,1235
77433 ,DISH MOUNT ACCY,1201
77494 ,BCG Other Piece,1163
33172 ,IKEA Package,1133
77407 ,BCG Other Piece,1104
77407 ,BCG - Cabinet,1095
784042235 ,ODSTAT ,1087
77494 ,BCG - Other Piece,1080
29707 ,'MICROWAVE OTR','1070'
77494 ,BCG - Cabinet,1063
77433 ,RANGE ACCY,1059
75071 ,RANGE ACCY,1052
75126 ,UC DISHWASHER,1051
01752 ,LARGE BOX 21X15X12,1019
75071 ,DISH MOUNT ACCY,1018
78254 ,UC DISHWASHER,1013
77407 ,BCG - Other Piece,1001
78254 ,MICROWAVE OTR,985
75068 ,UC DISHWASHER,985
78254 ,RANGE ACCY,978
01752 ,BOX 14X12X6,977
33139 ,IKEA Package,969
76131 ,UC DISHWASHER,963
02360 ,RECYCLED APPLIANCE PICK UP,956
75070 ,UC DISHWASHER,943
63110 ,IKEA Package,943
78254 ,DISH MOUNT ACCY,940
15205 ,IKEA Package,939
75034 ,UC DISHWASHER,937
77433 ,REFRIGERATOR ACCY,928
55425 ,IKEA Package,926
29707 ,UC DISHWASHER,924
75034 ,BCG Other Piece,913
29715 ,MICROWAVE OTR,901
78254 ,GAS FREE STD RANGE,901
29715 ,UC DISHWASHER,900
28262 ,IKEA Package,895
77386 ,UC DISHWASHER,894
01752 ,BOX 18X12X13,893
29707 ,FOOD WASTE DISP,892
75034 ,RANGE ACCY,853
32839 ,IKEA Package,852
75189 ,UC DISHWASHER,845
02903 ,.,838
15213 ,IKEA Package,837
75126 ,DISH MOUNT ACCY,836
75070 ,DISH MOUNT ACCY,836
33325 ,IKEA Package,834
75126 ,DISHWASHER ACCY,832
01752 ,BOX 16X12X8,826
75034 ,DISH MOUNT ACCY,826
06010 ,RECYCLED APPLIANCE PICK UP,826
77433 ,DISH CONNECT KIT,826
33166 ,IKEA Package,825
01752 ,STAPLES 8.5X11 COPY CS,825
75070 ,SINGLE WALL OVEN,820
75070 ,GAS COOKTOP,818
77386 ,DISH MOUNT ACCY,813
75070 ,RANGE ACCY,812
75071 ,DISHWASHER ACCY,811
78253 ,UC DISHWASHER,808
77433 ,MICROWAVE OTR,796
29715 ,FOOD WASTE DISP,795
75189 ,DISH MOUNT ACCY,787
75034 ,BCG - Other Piece,784
33414 ,Default La-Z-Boy Scan Part,777
63108 ,IKEA Package,773
76131 ,DISH MOUNT ACCY,772
78253 ,RANGE ACCY,771
01581 ,.,764
60173 ,IKEA Package,763
15217 ,IKEA Package,761
28173 ,UC DISHWASHER,757
75189 ,MICROWAVE OTR,756
75034 ,BCG - Cabinet,754
75034 ,MICROWAVE OTR,754
78253 ,MICROWAVE OTR,752
06082 ,Installation,750
01801 ,HARDWARE ACCESSORIES,745
76131 ,RANGE ACCY,740
85326 ,UC DISHWASHER,738
02360 ,Default La-Z-Boy Scan Part,737
75034 ,GAS FREE STD RANGE,736
85326 ,MICROWAVE OTR,736
02886 ,HARDWARE ACCESSORIES,731
33131 ,IKEA Package,729
02886 ,.,721
34957 ,Default La-Z-Boy Scan Part,718
75068 ,DISH MOUNT ACCY,717
77433 ,SXS REFRIGERATOR,717
90221 ,HARDWARE ACCESSORIES,717
77386 ,RANGE ACCY,715
32256 ,IKEA Package,714
15206 ,IKEA Package,711
76177 ,UC DISHWASHER,708
01801 ,RECYCLED APPLIANCE PICK UP,705
76179 ,UC DISHWASHER,703
78253 ,DISH MOUNT ACCY,703
78253 ,GAS FREE STD RANGE,702
75407 ,REFRIGERATOR ACCY,702
33410 ,Default La-Z-Boy Scan Part,697
78130 ,UC DISHWASHER,696
75068 ,RANGE ACCY,694
75071 ,GAS COOKTOP,694
75189 ,REFRIGERATOR ACCY,692
78130 ,MICROWAVE OTR,691
02301 ,RECYCLED APPLIANCE PICK UP,687
75070 ,RANGE HOOD,687
77386 ,REFRIGERATOR ACCY,680
33411 ,Default La-Z-Boy Scan Part,680
01752 ,AA BOX,673
75407 ,UC DISHWASHER,672
75078 ,BCG Other Piece,672
48103 ,IKEA Package,670
75126 ,REFRIGERATOR ACCY,666
75407 ,MICROWAVE OTR,664
02780 ,RECYCLED APPLIANCE PICK UP,662
02021 ,.,655
75071 ,RANGE HOOD,651
28078 ,UC DISHWASHER,650
33467 ,Default La-Z-Boy Scan Part,648
76052 ,BCG Other Piece,647
75407 ,DISH MOUNT ACCY,646
06516 ,RECYCLED APPLIANCE PICK UP,646
75068 ,DISHWASHER ACCY,643
75071 ,MICROWAVE OTR,638
02760 ,RECYCLED APPLIANCE PICK UP,638
75070 ,DISH CONNECT KIT,638
14623 ,HARDWARE ACCESSORIES,638
85326 ,RANGE ACCY,634
784042235 ,FULL CASE,634
01960 ,RECYCLED APPLIANCE PICK UP,633
75126 ,MICROWAVE OTR,632
85326 ,REFRIGERATOR ACCY,631
77429 ,UC DISHWASHER,629
06460 ,RECYCLED APPLIANCE PICK UP,629
75070 ,DISHWASHER ACCY,627
78653 ,UC DISHWASHER,622
77386 ,DISH CONNECT KIT,622
77429 ,REFRIGERATOR ACCY,621
32162 ,SMART CHOI 6 DELUXE DISHWASH,620
78653 ,MICROWAVE OTR,618
02050 ,RECYCLED APPLIANCE PICK UP,616
