"HARDWARE ACCESSORIES",327769
"RECYCLED APPLIANCE PICK UP",275945
"UV PANELS",234327
"WALL DOUBLE DOOR",189905
"SMART CHOI 6' DELUXE DISHWASH",182289
"IKEA Package",181202
"BASE DOUBLE DOOR	",175486
"MOLDING PLANT 2",175285
"BASE SINGLE DOOR",163709
"WALL SINGLE DOOR",153509
"BASE BASE DRAWER",148950
"BASE ACCESSORIES UPCHARGE FRAM",132148
"WALL ACCESSORIES FIN UPCH FRAM",122772
"UC DISHWASHER",100171
"MULTIPLE LABEL COMPONENTS",88048
"UV PANELS - APC UPCHARGE",83329
"VANITY DOUBLE DOOR",73821
"PLANT 1 MOLDING AND PLANT ONS",73341
"MICROWAVE OTR",72182
"2-CT 6-FT SS WM FILL HOSE",70942
"FOR PHYSICAL USE ONLY",69359
"TALL ACCESSORIES FIN UPCH FRAM",68701
"SPECIAL ACCESSORIES (PLYWOOD$)",68661
"RANGE ACCY",65654
"Peloton bike",65122
"Peloton console",63635
"TALL DOUBLE DOOR",62370
"Default La-Z-Boy Scan Part",62045
"DISH MOUNT ACCY",60075
"FURNITURE",59640
"REPLACEMENT DOORS",59497
"Bike Frame ",53709
"Peloton Touchscreen ",52480
"3-WIRE DRYER CORD 6-FT",51970
"REFRIGERATOR ACCY",51057
"VANITY SINGLE DOOR",50822
"DISHWASHER ACCY",49265
"",47129
"TALL SINGLE DOOR",46042
"GLASS DOOR KIT PARTS",44036
"VANITY BASE DRAWER",43213
"TOUCH UP ACCESSORIES",41299
"VANITY ACCESS FIN UPCHARGE FRA",39642
"DISH CONNECT KIT",37828
"GAS FREE STD RANGE",37318
"REPLACEMENT SHELVES",36470
"4 WIRE DRYER CORD 6-FT",33329
"MISC PRICE LIST FINISHED",31973
"SXS REFRIGERATOR",31915
"RANGE HOOD",31810
